,PassengerId,Transported
0,0013_01,False
1,0018_01,False
2,0019_01,False
3,0021_01,False
4,0023_01,False
5,0027_01,False
7,0032_01,False
8,0032_02,False
9,0033_01,False
10,0037_01,False
12,0040_02,False
13,0042_01,False
14,0046_01,False
16,0046_03,False
17,0047_01,False
18,0047_02,False
19,0047_03,False
20,0048_01,False
22,0054_01,False
23,0054_02,False
24,0054_03,False
25,0055_01,False
26,0057_01,False
27,0059_01,False
28,0060_01,False
29,0063_01,False
30,0065_01,False
31,0075_01,False
32,0079_01,False
33,0080_01,False
34,0083_01,False
35,0087_01,False
36,0089_01,False
37,0093_01,False
39,0094_02,False
40,0095_01,False
41,0096_01,False
43,0100_02,False
44,0104_01,False
45,0106_01,False
46,0109_01,False
47,0117_01,False
49,0121_01,False
50,0124_01,False
51,0125_01,False
52,0125_02,False
53,0130_01,False
54,0131_01,False
55,0132_01,False
56,0135_01,False
57,0137_01,False
58,0142_01,False
59,0142_02,False
60,0142_03,False
61,0143_01,False
62,0145_01,False
63,0150_01,False
64,0150_02,False
65,0153_01,False
66,0154_01,False
67,0155_01,False
69,0157_01,False
70,0158_01,False
71,0158_02,False
72,0159_01,False
74,0162_01,False
75,0166_01,False
76,0168_01,False
77,0175_01,False
79,0175_03,False
80,0175_04,False
81,0175_05,False
82,0176_01,False
83,0180_01,False
84,0184_01,False
85,0185_01,False
86,0187_01,False
87,0191_01,False
88,0194_01,False
89,0194_02,False
90,0194_03,False
91,0204_01,False
94,0214_01,False
95,0214_02,False
96,0215_01,False
97,0218_01,False
98,0226_01,False
100,0228_01,False
102,0228_03,False
103,0228_04,False
104,0230_01,False
106,0235_01,False
107,0236_01,False
108,0238_01,False
109,0247_01,False
110,0247_02,False
111,0249_01,False
112,0256_01,False
113,0259_01,False
114,0262_01,False
115,0264_01,False
116,0264_02,False
118,0266_01,False
119,0266_02,False
120,0268_01,False
121,0268_02,False
122,0271_01,False
123,0272_01,False
124,0273_01,False
125,0273_02,False
126,0273_03,False
129,0276_01,False
130,0276_02,False
131,0279_01,False
132,0280_01,False
133,0284_01,False
135,0293_01,False
137,0296_01,False
138,0299_01,False
139,0300_01,False
142,0312_01,False
143,0317_01,False
144,0318_01,False
145,0319_01,False
147,0323_01,False
149,0328_01,False
151,0332_01,False
153,0339_01,False
154,0339_02,False
155,0339_03,False
156,0339_04,False
158,0339_06,False
159,0339_07,False
160,0339_08,False
162,0342_02,False
163,0344_01,False
164,0344_02,False
166,0349_02,False
167,0349_03,False
168,0349_04,False
169,0349_05,False
170,0349_06,False
173,0353_02,False
174,0354_01,False
175,0362_01,False
176,0363_01,False
178,0363_03,False
179,0364_01,False
180,0364_02,False
181,0366_01,False
182,0367_01,False
184,0374_02,False
186,0390_01,False
187,0393_01,False
188,0394_01,False
189,0399_01,False
190,0400_01,False
191,0404_01,False
192,0406_01,False
193,0414_01,False
194,0416_01,False
195,0418_01,False
196,0419_01,False
197,0419_02,False
200,0421_01,False
202,0424_01,False
204,0440_01,False
205,0443_01,False
206,0450_01,False
207,0451_01,False
208,0455_01,False
210,0467_01,False
212,0467_03,False
213,0467_04,False
214,0469_01,False
215,0473_01,False
216,0478_01,False
217,0478_02,False
218,0479_01,False
220,0483_02,False
221,0484_01,False
222,0486_01,False
223,0489_01,False
224,0489_02,False
226,0492_01,False
227,0493_01,False
228,0494_01,False
229,0494_02,False
230,0495_01,False
231,0495_02,False
232,0495_03,False
233,0495_04,False
235,0495_06,False
237,0496_02,False
238,0497_01,False
239,0505_01,False
240,0508_01,False
241,0509_01,False
243,0514_01,False
244,0524_01,False
245,0526_01,False
246,0530_01,False
247,0530_02,False
249,0532_01,False
250,0532_02,False
251,0535_01,False
252,0536_01,False
254,0541_01,False
255,0543_01,False
256,0544_01,False
257,0554_01,False
258,0557_01,False
259,0557_02,False
260,0558_01,False
261,0562_01,False
262,0562_02,False
264,0578_01,False
266,0584_01,False
267,0584_02,False
268,0592_01,False
269,0595_01,False
270,0601_01,False
271,0604_01,False
272,0605_01,False
273,0606_01,False
274,0613_01,False
275,0613_02,False
280,0620_03,False
281,0621_01,False
282,0622_01,False
283,0624_01,False
284,0625_01,False
285,0625_02,False
286,0625_03,False
287,0626_01,False
288,0626_02,False
289,0626_03,False
290,0627_01,False
291,0632_01,False
293,0632_03,False
294,0640_01,False
295,0640_02,False
296,0648_01,False
297,0648_02,False
298,0649_01,False
299,0651_01,False
300,0652_01,False
301,0652_02,False
302,0652_03,False
303,0652_04,False
304,0652_05,False
305,0654_01,False
306,0662_01,False
308,0666_02,False
309,0667_01,False
310,0670_01,False
311,0670_02,False
313,0675_01,False
315,0681_01,False
316,0692_01,False
317,0694_01,False
318,0695_01,False
319,0698_01,False
320,0700_01,False
321,0706_01,False
322,0708_01,False
323,0708_02,False
324,0711_01,False
325,0716_01,False
326,0717_01,False
329,0717_04,False
330,0717_05,False
333,0720_01,False
335,0720_03,False
336,0721_01,False
337,0722_01,False
338,0723_01,False
341,0731_01,False
342,0731_02,False
343,0735_01,False
344,0739_01,False
346,0742_01,False
347,0742_02,False
349,0745_01,False
350,0747_01,False
351,0748_01,False
352,0748_02,False
353,0749_01,False
355,0752_01,False
356,0755_01,False
357,0758_01,False
358,0758_02,False
359,0758_03,False
360,0759_01,False
361,0759_02,False
362,0759_03,False
363,0760_01,False
364,0763_01,False
365,0763_02,False
366,0766_01,False
367,0774_01,False
368,0774_02,False
369,0774_03,False
370,0775_01,False
371,0775_02,False
372,0775_03,False
373,0775_04,False
374,0775_05,False
375,0775_06,False
376,0778_01,False
377,0778_02,False
379,0783_01,False
380,0792_01,False
381,0800_01,False
382,0801_01,False
384,0804_01,False
386,0810_01,False
390,0827_01,False
391,0827_02,False
392,0827_03,False
393,0831_01,False
394,0832_01,False
395,0837_01,False
396,0837_02,False
397,0838_01,False
398,0838_02,False
399,0841_01,False
400,0842_01,False
401,0843_01,False
402,0844_01,False
403,0847_01,False
404,0852_01,False
406,0855_01,False
407,0856_01,False
408,0857_01,False
409,0858_01,False
411,0861_01,False
412,0862_01,False
414,0864_02,False
415,0864_03,False
416,0866_01,False
417,0872_01,False
418,0880_01,False
420,0882_01,False
421,0884_01,False
422,0884_02,False
423,0886_01,False
424,0886_02,False
425,0886_03,False
426,0887_01,False
427,0887_02,False
428,0888_01,False
429,0888_02,False
430,0891_01,False
431,0892_01,False
432,0892_02,False
434,0894_01,False
437,0897_01,False
438,0897_02,False
439,0900_01,False
440,0908_01,False
441,0909_01,False
442,0909_02,False
443,0909_03,False
444,0914_01,False
445,0916_01,False
447,0920_01,False
448,0929_01,False
449,0934_01,False
451,0937_01,False
452,0943_01,False
453,0943_02,False
455,0945_01,False
456,0945_02,False
457,0948_01,False
458,0950_01,False
459,0954_01,False
461,0959_01,False
462,0962_01,False
463,0963_01,False
465,0973_01,False
466,0974_01,False
467,0977_01,False
468,0980_01,False
469,0981_01,False
470,0981_02,False
471,0986_01,False
473,0996_01,False
474,0999_01,False
475,0999_02,False
476,1003_01,False
477,1007_01,False
478,1009_01,False
479,1010_01,False
480,1016_01,False
482,1023_01,False
483,1028_01,False
485,1039_01,False
486,1042_01,False
487,1044_01,False
490,1059_01,False
491,1059_02,False
492,1061_01,False
493,1064_01,False
494,1064_02,False
495,1067_01,False
496,1069_01,False
497,1070_01,False
498,1072_01,False
501,1072_04,False
502,1072_05,False
503,1072_06,False
505,1072_08,False
506,1073_01,False
507,1074_01,False
508,1074_02,False
510,1087_01,False
511,1090_01,False
513,1092_01,False
514,1098_01,False
515,1101_01,False
516,1103_01,False
517,1104_01,False
518,1106_01,False
519,1106_02,False
520,1107_01,False
521,1109_01,False
522,1111_01,False
523,1111_02,False
524,1111_03,False
525,1118_01,False
526,1118_02,False
528,1118_04,False
529,1118_05,False
530,1119_01,False
531,1119_02,False
533,1122_01,False
534,1124_01,False
536,1124_03,False
537,1125_01,False
538,1125_02,False
539,1126_01,False
540,1128_01,False
541,1128_02,False
542,1131_01,False
545,1135_03,False
546,1135_04,False
548,1137_02,False
549,1138_01,False
550,1139_01,False
551,1143_01,False
552,1145_01,False
553,1145_02,False
554,1145_03,False
555,1145_04,False
558,1158_01,False
560,1159_01,False
562,1159_03,False
563,1160_01,False
564,1164_01,False
567,1176_01,False
568,1181_01,False
569,1183_01,False
570,1183_02,False
571,1183_03,False
572,1184_01,False
574,1189_01,False
575,1194_01,False
576,1196_01,False
577,1196_02,False
579,1201_01,False
580,1201_02,False
581,1202_01,False
582,1204_01,False
583,1205_01,False
588,1209_01,False
590,1217_01,False
591,1217_02,False
592,1219_01,False
593,1219_02,False
594,1224_01,False
596,1226_01,False
597,1226_02,False
600,1241_01,False
603,1247_01,False
604,1249_01,False
605,1251_01,False
606,1252_01,False
607,1253_01,False
608,1257_01,False
609,1257_02,False
610,1257_03,False
611,1257_04,False
612,1262_01,False
613,1262_02,False
614,1265_01,False
615,1266_01,False
616,1268_01,False
618,1272_01,False
619,1275_01,False
620,1276_01,False
622,1290_01,False
623,1296_01,False
624,1297_01,False
625,1298_01,False
630,1305_01,False
631,1313_01,False
632,1314_01,False
633,1315_01,False
634,1318_01,False
635,1319_01,False
636,1319_02,False
637,1320_01,False
638,1320_02,False
639,1320_03,False
640,1321_01,False
641,1321_02,False
642,1321_03,False
643,1321_04,False
644,1327_01,False
645,1329_01,False
646,1334_01,False
648,1338_02,False
649,1339_01,False
652,1341_03,False
653,1343_01,False
655,1343_03,False
658,1349_01,False
659,1349_02,False
660,1354_01,False
661,1354_02,False
662,1354_03,False
663,1354_04,False
664,1354_05,False
665,1354_06,False
666,1354_07,False
667,1358_01,False
668,1358_02,False
670,1361_01,False
671,1361_02,False
672,1363_01,False
673,1364_01,False
674,1364_02,False
675,1367_01,False
676,1369_01,False
677,1369_02,False
678,1369_03,False
679,1372_01,False
680,1373_01,False
681,1374_01,False
682,1388_01,False
683,1392_01,False
684,1394_01,False
687,1409_01,False
688,1409_02,False
689,1411_01,False
690,1418_01,False
691,1422_01,False
692,1422_02,False
693,1422_03,False
694,1429_01,False
695,1432_01,False
696,1432_02,False
697,1436_01,False
698,1437_01,False
699,1441_01,False
700,1446_01,False
702,1449_01,False
703,1456_01,False
704,1459_01,False
705,1464_01,False
706,1466_01,False
707,1468_01,False
708,1469_01,False
709,1469_02,False
710,1470_01,False
713,1471_03,False
714,1471_04,False
715,1471_05,False
716,1472_01,False
717,1473_01,False
718,1473_02,False
719,1475_01,False
720,1476_01,False
721,1477_01,False
722,1477_02,False
723,1480_01,False
724,1482_01,False
725,1483_01,False
726,1486_01,False
727,1487_01,False
728,1487_02,False
730,1492_02,False
731,1494_01,False
732,1495_01,False
733,1495_02,False
734,1496_01,False
735,1497_01,False
736,1497_02,False
739,1502_03,False
740,1502_04,False
741,1504_01,False
742,1505_01,False
743,1508_01,False
744,1512_01,False
745,1513_01,False
746,1514_01,False
747,1516_01,False
748,1517_01,False
749,1518_01,False
750,1518_02,False
751,1519_01,False
753,1530_01,False
756,1535_01,False
757,1537_01,False
758,1538_01,False
759,1538_02,False
760,1546_01,False
762,1553_01,False
764,1554_01,False
765,1554_02,False
767,1557_01,False
768,1559_01,False
769,1559_02,False
770,1563_01,False
771,1566_01,False
772,1570_01,False
773,1571_01,False
774,1574_01,False
775,1575_01,False
779,1586_01,False
780,1587_01,False
782,1589_01,False
784,1591_02,False
787,1600_01,False
789,1607_01,False
790,1609_01,False
791,1610_01,False
793,1618_01,False
796,1627_01,False
797,1629_01,False
798,1629_02,False
799,1629_03,False
802,1629_06,False
803,1639_01,False
804,1641_01,False
805,1642_01,False
806,1643_01,False
807,1648_01,False
808,1652_01,False
809,1654_01,False
810,1664_01,False
811,1665_01,False
813,1667_01,False
814,1675_01,False
816,1679_01,False
818,1680_02,False
819,1683_01,False
820,1684_01,False
821,1686_01,False
822,1689_01,False
823,1689_02,False
824,1689_03,False
825,1692_01,False
827,1701_01,False
828,1702_01,False
829,1703_01,False
831,1707_01,False
832,1716_01,False
833,1720_01,False
834,1722_01,False
835,1726_01,False
836,1726_02,False
837,1726_03,False
838,1732_01,False
839,1735_01,False
840,1737_01,False
841,1741_01,False
842,1741_02,False
844,1743_01,False
845,1744_01,False
847,1751_01,False
848,1751_02,False
849,1754_01,False
850,1756_01,False
851,1759_01,False
852,1765_01,False
854,1777_01,False
855,1777_02,False
856,1780_01,False
857,1784_01,False
858,1787_01,False
860,1789_01,False
862,1790_02,False
864,1791_02,False
865,1793_01,False
866,1793_02,False
867,1794_01,False
868,1795_01,False
869,1801_01,False
870,1801_02,False
871,1809_01,False
872,1814_01,False
874,1814_03,False
875,1815_01,False
876,1819_01,False
878,1824_01,False
879,1825_01,False
880,1825_02,False
881,1830_01,False
882,1832_01,False
883,1835_01,False
884,1835_02,False
885,1837_01,False
886,1838_01,False
887,1839_01,False
888,1840_01,False
889,1842_01,False
890,1845_01,False
891,1851_01,False
892,1851_02,False
893,1852_01,False
895,1852_03,False
896,1852_04,False
897,1858_01,False
900,1862_03,False
901,1867_01,False
902,1869_01,False
903,1870_01,False
904,1875_01,False
905,1876_01,False
906,1883_01,False
908,1893_01,False
909,1894_01,False
910,1895_01,False
911,1896_01,False
912,1900_01,False
914,1909_01,False
915,1909_02,False
916,1909_03,False
917,1910_01,False
918,1910_02,False
919,1910_03,False
921,1912_01,False
923,1913_02,False
924,1913_03,False
926,1917_01,False
927,1919_01,False
928,1921_01,False
929,1921_02,False
930,1924_01,False
931,1929_01,False
932,1930_01,False
933,1932_01,False
935,1936_01,False
936,1943_01,False
937,1944_01,False
939,1948_02,False
940,1949_01,False
941,1951_01,False
942,1951_02,False
943,1954_01,False
944,1955_01,False
945,1958_01,False
946,1965_01,False
947,1966_01,False
948,1970_01,False
949,1972_01,False
950,1982_01,False
951,1986_01,False
952,1987_01,False
953,1989_01,False
954,1990_01,False
955,1990_02,False
956,1998_01,False
957,2002_01,False
958,2004_01,False
959,2005_01,False
960,2005_02,False
962,2014_01,False
964,2016_02,False
965,2017_01,False
967,2018_01,False
968,2020_01,False
969,2021_01,False
970,2023_01,False
971,2023_02,False
972,2023_03,False
973,2025_01,False
974,2030_01,False
975,2031_01,False
976,2033_01,False
977,2035_01,False
978,2035_02,False
979,2036_01,False
981,2036_03,False
982,2037_01,False
983,2037_02,False
984,2039_01,False
985,2039_02,False
986,2039_03,False
987,2047_01,False
988,2048_01,False
989,2049_01,False
990,2050_01,False
992,2057_02,False
993,2057_03,False
994,2057_04,False
996,2058_01,False
997,2064_01,False
998,2068_01,False
999,2068_02,False
1000,2068_03,False
1001,2068_04,False
1002,2068_05,False
1003,2069_01,False
1005,2072_02,False
1006,2076_01,False
1008,2078_01,False
1009,2079_01,False
1010,2079_02,False
1011,2079_03,False
1012,2093_01,False
1014,2101_01,False
1015,2101_02,False
1016,2103_01,False
1017,2108_01,False
1018,2108_02,False
1019,2109_01,False
1020,2113_01,False
1021,2119_01,False
1022,2119_02,False
1024,2132_01,False
1025,2146_01,False
1026,2146_02,False
1027,2151_01,False
1028,2155_01,False
1029,2157_01,False
1030,2160_01,False
1031,2160_02,False
1034,2166_01,False
1035,2169_01,False
1036,2170_01,False
1037,2174_01,False
1038,2176_01,False
1039,2178_01,False
1041,2184_01,False
1043,2185_01,False
1044,2192_01,False
1045,2197_01,False
1047,2208_01,False
1048,2213_01,False
1049,2214_01,False
1050,2216_01,False
1051,2217_01,False
1053,2222_01,False
1055,2227_01,False
1058,2240_01,False
1059,2240_02,False
1060,2240_03,False
1061,2242_01,False
1062,2244_01,False
1064,2245_02,False
1066,2246_02,False
1067,2247_01,False
1068,2248_01,False
1069,2249_01,False
1070,2250_01,False
1071,2259_01,False
1075,2271_01,False
1076,2276_01,False
1077,2276_02,False
1078,2283_01,False
1080,2286_01,False
1081,2290_01,False
1082,2292_01,False
1083,2293_01,False
1084,2294_01,False
1085,2297_01,False
1086,2304_01,False
1087,2307_01,False
1088,2307_02,False
1089,2307_03,False
1091,2307_05,False
1092,2322_01,False
1094,2324_01,False
1095,2326_01,False
1096,2328_01,False
1097,2330_01,False
1098,2331_01,False
1100,2335_01,False
1101,2337_01,False
1102,2342_01,False
1103,2343_01,False
1104,2343_02,False
1107,2346_01,False
1108,2350_01,False
1109,2350_02,False
1110,2350_03,False
1111,2351_01,False
1112,2351_02,False
1113,2352_01,False
1114,2354_01,False
1116,2355_02,False
1117,2355_03,False
1118,2355_04,False
1119,2358_01,False
1120,2359_01,False
1122,2370_01,False
1123,2370_02,False
1125,2370_04,False
1126,2371_01,False
1127,2372_01,False
1128,2378_01,False
1129,2378_02,False
1130,2380_01,False
1132,2381_01,False
1133,2383_01,False
1134,2383_02,False
1136,2388_01,False
1138,2393_01,False
1139,2394_01,False
1140,2394_02,False
1141,2394_03,False
1142,2400_01,False
1143,2405_01,False
1145,2408_01,False
1146,2415_01,False
1147,2418_01,False
1148,2420_01,False
1149,2422_01,False
1150,2422_02,False
1153,2425_03,False
1154,2425_04,False
1155,2425_05,False
1156,2425_06,False
1158,2430_01,False
1161,2434_01,False
1162,2434_02,False
1163,2437_01,False
1164,2440_01,False
1166,2448_01,False
1167,2448_02,False
1168,2450_01,False
1169,2459_01,False
1171,2465_01,False
1172,2468_01,False
1173,2469_01,False
1174,2469_02,False
1175,2473_01,False
1177,2481_02,False
1178,2482_01,False
1179,2482_02,False
1181,2484_02,False
1182,2485_01,False
1184,2487_02,False
1185,2487_03,False
1186,2490_01,False
1188,2493_02,False
1189,2494_01,False
1190,2494_02,False
1191,2495_01,False
1193,2504_01,False
1194,2507_01,False
1195,2511_01,False
1196,2514_01,False
1197,2517_01,False
1198,2525_01,False
1200,2533_01,False
1201,2536_01,False
1203,2538_02,False
1204,2539_01,False
1205,2543_01,False
1207,2556_01,False
1208,2563_01,False
1210,2567_01,False
1211,2567_02,False
1212,2568_01,False
1213,2569_01,False
1214,2570_01,False
1215,2575_01,False
1217,2577_01,False
1218,2577_02,False
1219,2579_01,False
1220,2583_01,False
1223,2587_01,False
1224,2587_02,False
1225,2600_01,False
1226,2603_01,False
1227,2603_02,False
1228,2604_01,False
1229,2608_01,False
1230,2610_01,False
1231,2611_01,False
1232,2612_01,False
1233,2613_01,False
1234,2614_01,False
1235,2615_01,False
1236,2620_01,False
1237,2621_01,False
1238,2623_01,False
1239,2630_01,False
1240,2630_02,False
1242,2632_01,False
1243,2637_01,False
1244,2637_02,False
1245,2637_03,False
1246,2639_01,False
1247,2644_01,False
1248,2653_01,False
1250,2656_01,False
1251,2665_01,False
1252,2667_01,False
1254,2667_03,False
1255,2667_04,False
1256,2667_05,False
1258,2673_01,False
1259,2674_01,False
1260,2674_02,False
1261,2680_01,False
1262,2681_01,False
1263,2686_01,False
1265,2694_01,False
1266,2694_02,False
1267,2696_01,False
1268,2699_01,False
1272,2711_01,False
1273,2715_01,False
1274,2715_02,False
1276,2716_02,False
1277,2719_01,False
1278,2719_02,False
1279,2719_03,False
1283,2735_01,False
1284,2742_01,False
1286,2749_01,False
1287,2757_01,False
1288,2761_01,False
1289,2761_02,False
1290,2766_01,False
1291,2767_01,False
1292,2771_01,False
1293,2775_01,False
1294,2776_01,False
1295,2777_01,False
1296,2779_01,False
1299,2794_01,False
1301,2794_03,False
1302,2794_04,False
1303,2794_05,False
1304,2794_06,False
1305,2794_07,False
1306,2800_01,False
1307,2803_01,False
1308,2804_01,False
1309,2808_01,False
1310,2808_02,False
1311,2815_01,False
1312,2815_02,False
1313,2815_03,False
1314,2816_01,False
1315,2827_01,False
1316,2828_01,False
1317,2829_01,False
1318,2830_01,False
1319,2833_01,False
1320,2836_01,False
1321,2841_01,False
1322,2842_01,False
1324,2845_01,False
1326,2848_01,False
1327,2848_02,False
1328,2848_03,False
1329,2849_01,False
1330,2850_01,False
1331,2850_02,False
1332,2850_03,False
1333,2850_04,False
1334,2851_01,False
1336,2864_01,False
1337,2868_01,False
1338,2868_02,False
1340,2868_04,False
1343,2885_01,False
1344,2886_01,False
1345,2889_01,False
1346,2895_01,False
1347,2896_01,False
1348,2898_01,False
1349,2898_02,False
1351,2904_01,False
1352,2904_02,False
1353,2911_01,False
1354,2914_01,False
1355,2915_01,False
1357,2917_01,False
1358,2918_01,False
1359,2921_01,False
1360,2922_01,False
1361,2923_01,False
1362,2924_01,False
1363,2931_01,False
1364,2931_02,False
1368,2939_01,False
1369,2946_01,False
1370,2946_02,False
1371,2946_03,False
1372,2946_04,False
1373,2947_01,False
1375,2952_01,False
1377,2957_01,False
1378,2963_01,False
1380,2973_01,False
1382,2976_01,False
1383,2976_02,False
1384,2976_03,False
1385,2976_04,False
1386,2977_01,False
1387,2977_02,False
1388,2977_03,False
1389,2978_01,False
1390,2980_01,False
1391,2981_01,False
1392,2985_01,False
1393,2987_01,False
1395,2991_01,False
1396,2997_01,False
1397,2997_02,False
1398,2997_03,False
1399,2997_04,False
1400,2999_01,False
1401,3002_01,False
1402,3007_01,False
1405,3008_03,False
1406,3008_04,False
1407,3008_05,False
1408,3008_06,False
1409,3011_01,False
1410,3016_01,False
1411,3016_02,False
1412,3016_03,False
1415,3028_01,False
1416,3031_01,False
1417,3035_01,False
1418,3037_01,False
1419,3037_02,False
1423,3049_01,False
1424,3051_01,False
1425,3052_01,False
1426,3056_01,False
1428,3058_01,False
1429,3059_01,False
1430,3069_01,False
1431,3072_01,False
1432,3074_01,False
1433,3075_01,False
1434,3077_01,False
1435,3077_02,False
1436,3078_01,False
1437,3078_02,False
1438,3078_03,False
1439,3078_04,False
1440,3086_01,False
1441,3089_01,False
1442,3094_01,False
1444,3098_01,False
1445,3101_01,False
1447,3105_02,False
1449,3106_01,False
1451,3108_01,False
1452,3109_01,False
1453,3115_01,False
1455,3122_02,False
1456,3125_01,False
1458,3127_01,False
1459,3129_01,False
1460,3135_01,False
1461,3137_01,False
1463,3141_01,False
1464,3144_01,False
1466,3148_01,False
1467,3148_02,False
1469,3151_01,False
1470,3153_01,False
1471,3153_02,False
1472,3154_01,False
1473,3155_01,False
1474,3155_02,False
1476,3157_01,False
1478,3165_01,False
1480,3170_01,False
1481,3173_01,False
1483,3178_01,False
1484,3183_01,False
1485,3186_01,False
1486,3187_01,False
1487,3190_01,False
1488,3190_02,False
1491,3199_01,False
1492,3202_01,False
1493,3207_01,False
1494,3208_01,False
1495,3214_01,False
1496,3222_01,False
1497,3226_01,False
1498,3228_01,False
1499,3231_01,False
1500,3233_01,False
1501,3234_01,False
1502,3242_01,False
1503,3244_01,False
1504,3244_02,False
1505,3244_03,False
1506,3245_01,False
1507,3245_02,False
1508,3246_01,False
1509,3249_01,False
1510,3249_02,False
1511,3250_01,False
1512,3251_01,False
1514,3261_01,False
1516,3264_01,False
1517,3265_01,False
1518,3265_02,False
1519,3265_03,False
1520,3265_04,False
1521,3266_01,False
1522,3267_01,False
1523,3277_01,False
1525,3281_01,False
1526,3285_01,False
1527,3285_02,False
1529,3288_01,False
1530,3290_01,False
1531,3290_02,False
1532,3291_01,False
1533,3302_01,False
1534,3303_01,False
1537,3316_01,False
1538,3320_01,False
1539,3320_02,False
1540,3321_01,False
1541,3333_01,False
1542,3334_01,False
1543,3335_01,False
1544,3340_01,False
1546,3341_02,False
1547,3344_01,False
1550,3345_02,False
1553,3347_01,False
1554,3347_02,False
1555,3351_01,False
1556,3351_02,False
1557,3354_01,False
1558,3355_01,False
1560,3358_01,False
1561,3362_01,False
1562,3362_02,False
1563,3366_01,False
1564,3367_01,False
1565,3368_01,False
1566,3368_02,False
1568,3368_04,False
1571,3368_07,False
1572,3369_01,False
1573,3373_01,False
1574,3374_01,False
1575,3375_01,False
1576,3376_01,False
1577,3378_01,False
1579,3385_01,False
1581,3393_01,False
1582,3398_01,False
1583,3399_01,False
1584,3400_01,False
1585,3407_01,False
1586,3407_02,False
1587,3411_01,False
1588,3411_02,False
1589,3411_03,False
1590,3411_04,False
1592,3411_06,False
1593,3411_07,False
1594,3414_01,False
1595,3416_01,False
1596,3427_01,False
1597,3429_01,False
1598,3435_01,False
1599,3436_01,False
1600,3448_01,False
1602,3451_01,False
1605,3460_01,False
1606,3463_01,False
1608,3471_01,False
1609,3472_01,False
1610,3477_01,False
1611,3477_02,False
1612,3479_01,False
1613,3481_01,False
1614,3482_01,False
1616,3493_01,False
1617,3494_01,False
1618,3494_02,False
1619,3498_01,False
1620,3500_01,False
1621,3502_01,False
1622,3503_01,False
1623,3505_01,False
1624,3507_01,False
1626,3508_02,False
1627,3509_01,False
1628,3509_02,False
1629,3510_01,False
1630,3513_01,False
1631,3513_02,False
1632,3513_03,False
1633,3513_04,False
1634,3516_01,False
1635,3517_01,False
1636,3522_01,False
1637,3524_01,False
1638,3526_01,False
1639,3529_01,False
1641,3538_01,False
1642,3541_01,False
1643,3544_01,False
1644,3544_02,False
1645,3545_01,False
1646,3549_01,False
1647,3549_02,False
1648,3551_01,False
1650,3557_01,False
1651,3571_01,False
1652,3574_01,False
1653,3575_01,False
1654,3580_01,False
1656,3581_01,False
1657,3583_01,False
1659,3587_01,False
1660,3587_02,False
1661,3587_03,False
1662,3589_01,False
1664,3589_03,False
1667,3589_06,False
1668,3589_07,False
1669,3590_01,False
1670,3593_01,False
1671,3599_01,False
1672,3601_01,False
1673,3601_02,False
1674,3601_03,False
1675,3601_04,False
1676,3601_05,False
1677,3601_06,False
1678,3601_07,False
1679,3603_01,False
1680,3603_02,False
1682,3611_01,False
1683,3617_01,False
1684,3617_02,False
1685,3617_03,False
1686,3618_01,False
1687,3618_02,False
1689,3618_04,False
1690,3621_01,False
1691,3621_02,False
1692,3623_01,False
1693,3627_01,False
1694,3632_01,False
1696,3635_01,False
1697,3635_02,False
1698,3637_01,False
1699,3638_01,False
1700,3643_01,False
1701,3646_01,False
1702,3646_02,False
1703,3649_01,False
1704,3651_01,False
1705,3656_01,False
1706,3656_02,False
1707,3657_01,False
1708,3657_02,False
1709,3657_03,False
1710,3659_01,False
1711,3659_02,False
1712,3659_03,False
1713,3659_04,False
1714,3659_05,False
1715,3659_06,False
1716,3659_07,False
1717,3661_01,False
1718,3663_01,False
1720,3669_01,False
1721,3670_01,False
1722,3672_01,False
1724,3673_01,False
1725,3675_01,False
1726,3675_02,False
1728,3676_01,False
1729,3683_01,False
1730,3683_02,False
1731,3684_01,False
1732,3684_02,False
1733,3685_01,False
1734,3687_01,False
1736,3694_01,False
1738,3696_01,False
1739,3697_01,False
1741,3701_01,False
1742,3701_02,False
1744,3709_01,False
1745,3712_01,False
1746,3712_02,False
1747,3712_03,False
1748,3712_04,False
1749,3712_05,False
1750,3717_01,False
1751,3717_02,False
1752,3718_01,False
1753,3720_01,False
1754,3720_02,False
1755,3720_03,False
1756,3721_01,False
1757,3722_01,False
1758,3723_01,False
1759,3725_01,False
1760,3727_01,False
1761,3730_01,False
1762,3731_01,False
1763,3738_01,False
1764,3740_01,False
1765,3746_01,False
1767,3746_03,False
1768,3746_04,False
1770,3763_01,False
1771,3764_01,False
1772,3764_02,False
1773,3766_01,False
1774,3766_02,False
1775,3780_01,False
1777,3782_02,False
1778,3791_01,False
1779,3792_01,False
1780,3794_01,False
1782,3800_01,False
1783,3802_01,False
1784,3806_01,False
1785,3808_01,False
1786,3809_01,False
1787,3809_02,False
1788,3813_01,False
1789,3819_01,False
1790,3825_01,False
1791,3827_01,False
1792,3828_01,False
1795,3829_01,False
1796,3829_02,False
1797,3833_01,False
1798,3834_01,False
1799,3837_01,False
1801,3843_01,False
1802,3844_01,False
1804,3845_01,False
1805,3855_01,False
1806,3858_01,False
1807,3858_02,False
1808,3858_03,False
1810,3859_01,False
1812,3861_01,False
1813,3863_01,False
1814,3865_01,False
1815,3869_01,False
1818,3876_03,False
1819,3877_01,False
1821,3880_01,False
1822,3881_01,False
1823,3882_01,False
1824,3884_01,False
1825,3885_01,False
1827,3889_01,False
1828,3889_02,False
1829,3891_01,False
1830,3892_01,False
1831,3892_02,False
1832,3893_01,False
1834,3893_03,False
1835,3900_01,False
1836,3901_01,False
1837,3902_01,False
1838,3905_01,False
1839,3906_01,False
1840,3906_02,False
1841,3908_01,False
1842,3908_02,False
1843,3910_01,False
1846,3920_01,False
1847,3925_01,False
1848,3925_02,False
1849,3929_01,False
1850,3934_01,False
1851,3934_02,False
1852,3943_01,False
1853,3943_02,False
1855,3947_01,False
1856,3951_01,False
1857,3953_01,False
1858,3956_01,False
1859,3957_01,False
1861,3969_01,False
1862,3972_01,False
1863,3975_01,False
1865,3979_01,False
1866,3982_01,False
1867,3983_01,False
1868,3989_01,False
1869,3989_02,False
1871,3989_04,False
1873,3993_01,False
1874,4004_01,False
1875,4007_01,False
1876,4011_01,False
1877,4012_01,False
1878,4012_02,False
1880,4015_02,False
1881,4024_01,False
1882,4025_01,False
1883,4028_01,False
1884,4029_01,False
1885,4041_01,False
1886,4048_01,False
1887,4048_02,False
1889,4051_01,False
1891,4054_01,False
1892,4054_02,False
1893,4054_03,False
1894,4056_01,False
1895,4057_01,False
1897,4059_02,False
1899,4067_01,False
1900,4070_01,False
1902,4070_03,False
1903,4073_01,False
1904,4073_02,False
1905,4074_01,False
1906,4077_01,False
1907,4085_01,False
1910,4086_03,False
1911,4087_01,False
1912,4088_01,False
1913,4092_01,False
1914,4094_01,False
1915,4094_02,False
1916,4100_01,False
1917,4105_01,False
1919,4117_01,False
1922,4121_01,False
1923,4122_01,False
1926,4126_01,False
1927,4133_01,False
1928,4133_02,False
1930,4136_02,False
1931,4138_01,False
1932,4139_01,False
1933,4146_01,False
1934,4148_01,False
1935,4153_01,False
1936,4155_01,False
1938,4161_01,False
1939,4162_01,False
1940,4164_01,False
1941,4180_01,False
1943,4187_01,False
1944,4190_01,False
1945,4192_01,False
1946,4193_01,False
1948,4198_01,False
1950,4201_01,False
1951,4202_01,False
1952,4202_02,False
1953,4209_01,False
1955,4224_01,False
1956,4224_02,False
1957,4226_01,False
1958,4226_02,False
1960,4228_01,False
1961,4234_01,False
1962,4234_02,False
1963,4235_01,False
1965,4236_01,False
1966,4236_02,False
1967,4241_01,False
1968,4247_01,False
1969,4247_02,False
1970,4248_01,False
1971,4248_02,False
1972,4250_01,False
1974,4263_02,False
1975,4263_03,False
1976,4265_01,False
1978,4268_02,False
1979,4269_01,False
1980,4275_01,False
1983,4279_01,False
1986,4283_01,False
1987,4284_01,False
1988,4284_02,False
1990,4286_01,False
1991,4286_02,False
1995,4288_02,False
1996,4290_01,False
1997,4298_01,False
2000,4299_01,False
2001,4304_01,False
2002,4307_01,False
2003,4308_01,False
2004,4310_01,False
2006,4314_01,False
2007,4321_01,False
2008,4322_01,False
2009,4323_01,False
2010,4323_02,False
2011,4323_03,False
2012,4323_04,False
2013,4325_01,False
2015,4328_01,False
2016,4331_01,False
2017,4341_01,False
2018,4341_02,False
2020,4353_01,False
2021,4355_01,False
2022,4363_01,False
2023,4374_01,False
2024,4375_01,False
2025,4377_01,False
2027,4377_03,False
2028,4378_01,False
2029,4378_02,False
2031,4380_01,False
2032,4381_01,False
2033,4381_02,False
2034,4384_01,False
2035,4385_01,False
2037,4385_03,False
2038,4389_01,False
2039,4394_01,False
2040,4398_01,False
2041,4406_01,False
2044,4417_01,False
2045,4418_01,False
2047,4419_02,False
2049,4420_02,False
2051,4423_01,False
2052,4425_01,False
2053,4425_02,False
2054,4434_01,False
2058,4439_02,False
2059,4442_01,False
2062,4454_01,False
2064,4455_02,False
2068,4468_01,False
2069,4471_01,False
2070,4478_01,False
2071,4480_01,False
2072,4481_01,False
2073,4484_01,False
2074,4488_01,False
2075,4489_01,False
2076,4495_01,False
2077,4499_01,False
2078,4503_01,False
2079,4504_01,False
2080,4507_01,False
2081,4513_01,False
2083,4520_01,False
2084,4523_01,False
2085,4523_02,False
2087,4523_04,False
2088,4523_05,False
2089,4523_06,False
2090,4525_01,False
2092,4527_01,False
2093,4528_01,False
2094,4536_01,False
2096,4541_01,False
2097,4545_01,False
2098,4548_01,False
2099,4551_01,False
2100,4551_02,False
2101,4551_03,False
2103,4554_01,False
2104,4556_01,False
2106,4578_01,False
2108,4582_01,False
2109,4582_02,False
2110,4582_03,False
2111,4582_04,False
2112,4582_05,False
2113,4582_06,False
2115,4583_01,False
2116,4583_02,False
2117,4583_03,False
2118,4584_01,False
2119,4588_01,False
2121,4590_01,False
2122,4598_01,False
2123,4599_01,False
2124,4600_01,False
2125,4600_02,False
2126,4601_01,False
2127,4614_01,False
2128,4614_02,False
2130,4618_01,False
2131,4619_01,False
2132,4626_01,False
2135,4629_01,False
2136,4636_01,False
2137,4639_01,False
2138,4639_02,False
2140,4639_04,False
2142,4639_06,False
2143,4647_01,False
2144,4660_01,False
2145,4666_01,False
2147,4670_01,False
2148,4671_01,False
2149,4671_02,False
2151,4671_04,False
2152,4674_01,False
2154,4675_02,False
2155,4681_01,False
2157,4683_01,False
2158,4683_02,False
2159,4685_01,False
2160,4687_01,False
2161,4688_01,False
2162,4692_01,False
2163,4697_01,False
2164,4698_01,False
2165,4700_01,False
2166,4701_01,False
2167,4701_02,False
2170,4702_01,False
2171,4702_02,False
2172,4703_01,False
2173,4703_02,False
2175,4705_02,False
2176,4707_01,False
2178,4715_01,False
2179,4716_01,False
2180,4718_01,False
2181,4722_01,False
2182,4724_01,False
2183,4727_01,False
2184,4727_02,False
2185,4729_01,False
2186,4731_01,False
2187,4734_01,False
2188,4735_01,False
2189,4736_01,False
2190,4737_01,False
2192,4742_01,False
2193,4745_01,False
2194,4747_01,False
2195,4747_02,False
2196,4749_01,False
2197,4751_01,False
2198,4760_01,False
2199,4761_01,False
2200,4761_02,False
2201,4761_03,False
2203,4766_01,False
2205,4768_01,False
2206,4768_02,False
2207,4771_01,False
2208,4776_01,False
2210,4776_03,False
2212,4779_01,False
2213,4781_01,False
2214,4789_01,False
2215,4799_01,False
2217,4799_03,False
2218,4800_01,False
2219,4802_01,False
2221,4805_01,False
2222,4806_01,False
2223,4809_01,False
2224,4811_01,False
2225,4812_01,False
2227,4820_01,False
2228,4820_02,False
2229,4821_01,False
2230,4824_01,False
2231,4825_01,False
2232,4826_01,False
2233,4833_01,False
2235,4834_01,False
2236,4835_01,False
2237,4839_01,False
2238,4843_01,False
2241,4849_01,False
2242,4852_01,False
2244,4855_01,False
2246,4858_01,False
2247,4859_01,False
2248,4860_01,False
2249,4861_01,False
2250,4865_01,False
2252,4869_01,False
2253,4872_01,False
2254,4877_01,False
2255,4894_01,False
2257,4906_01,False
2258,4907_01,False
2260,4914_01,False
2262,4921_01,False
2263,4922_01,False
2264,4926_01,False
2265,4928_01,False
2266,4931_01,False
2268,4935_02,False
2269,4935_03,False
2270,4936_01,False
2271,4947_01,False
2272,4948_01,False
2273,4949_01,False
2274,4949_02,False
2275,4953_01,False
2276,4955_01,False
2277,4957_01,False
2281,4966_01,False
2282,4966_02,False
2285,4969_01,False
2286,4969_02,False
2289,4982_01,False
2290,4984_01,False
2293,4986_01,False
2294,4988_01,False
2295,4993_01,False
2297,5001_01,False
2298,5002_01,False
2299,5011_01,False
2300,5022_01,False
2301,5024_01,False
2303,5024_03,False
2304,5024_04,False
2305,5024_05,False
2306,5026_01,False
2307,5029_01,False
2308,5029_02,False
2309,5030_01,False
2310,5031_01,False
2311,5031_02,False
2312,5033_01,False
2314,5037_01,False
2315,5038_01,False
2316,5038_02,False
2317,5041_01,False
2318,5043_01,False
2319,5043_02,False
2320,5043_03,False
2321,5045_01,False
2322,5046_01,False
2323,5047_01,False
2324,5049_01,False
2326,5054_01,False
2327,5055_01,False
2328,5056_01,False
2329,5056_02,False
2330,5066_01,False
2333,5077_01,False
2335,5079_01,False
2336,5081_01,False
2337,5082_01,False
2338,5086_01,False
2339,5086_02,False
2341,5094_01,False
2342,5094_02,False
2343,5096_01,False
2344,5096_02,False
2345,5098_01,False
2346,5098_02,False
2347,5098_03,False
2349,5100_01,False
2350,5101_01,False
2351,5102_01,False
2352,5107_01,False
2353,5110_01,False
2354,5113_01,False
2355,5114_01,False
2360,5123_01,False
2362,5131_02,False
2363,5134_01,False
2364,5135_01,False
2366,5141_01,False
2367,5143_01,False
2368,5147_01,False
2369,5149_01,False
2370,5149_02,False
2371,5150_01,False
2372,5153_01,False
2373,5155_01,False
2375,5159_02,False
2377,5164_02,False
2379,5169_01,False
2380,5172_01,False
2381,5178_01,False
2382,5183_01,False
2384,5191_01,False
2385,5195_01,False
2386,5200_01,False
2387,5203_01,False
2388,5203_02,False
2389,5212_01,False
2390,5215_01,False
2391,5219_01,False
2393,5222_01,False
2394,5228_01,False
2396,5231_01,False
2398,5232_02,False
2399,5233_01,False
2400,5237_01,False
2401,5241_01,False
2402,5241_02,False
2403,5245_01,False
2404,5259_01,False
2406,5263_01,False
2407,5267_01,False
2408,5267_02,False
2409,5267_03,False
2410,5270_01,False
2411,5283_01,False
2412,5284_01,False
2413,5285_01,False
2415,5289_01,False
2416,5293_01,False
2417,5293_02,False
2418,5294_01,False
2420,5296_01,False
2421,5302_01,False
2422,5306_01,False
2423,5306_02,False
2424,5308_01,False
2425,5308_02,False
2426,5308_03,False
2428,5311_01,False
2429,5317_01,False
2430,5317_02,False
2431,5318_01,False
2432,5318_02,False
2434,5321_01,False
2436,5328_01,False
2437,5329_01,False
2438,5329_02,False
2439,5329_03,False
2440,5329_04,False
2441,5329_05,False
2442,5329_06,False
2443,5329_07,False
2444,5332_01,False
2445,5335_01,False
2446,5335_02,False
2447,5335_03,False
2448,5335_04,False
2449,5336_01,False
2451,5339_01,False
2452,5339_02,False
2453,5339_03,False
2454,5342_01,False
2455,5349_01,False
2457,5357_01,False
2458,5357_02,False
2459,5357_03,False
2460,5357_04,False
2461,5358_01,False
2463,5369_01,False
2464,5369_02,False
2465,5369_03,False
2467,5371_01,False
2468,5371_02,False
2469,5371_03,False
2470,5371_04,False
2472,5376_01,False
2473,5376_02,False
2474,5377_01,False
2475,5381_01,False
2477,5382_02,False
2478,5386_01,False
2479,5391_01,False
2480,5393_01,False
2481,5398_01,False
2482,5399_01,False
2483,5400_01,False
2485,5405_01,False
2487,5409_01,False
2489,5419_01,False
2490,5426_01,False
2491,5428_01,False
2492,5428_02,False
2493,5429_01,False
2494,5432_01,False
2496,5439_01,False
2497,5442_01,False
2498,5444_01,False
2499,5448_01,False
2500,5449_01,False
2501,5456_01,False
2502,5460_01,False
2503,5461_01,False
2504,5464_01,False
2505,5473_01,False
2507,5481_01,False
2508,5482_01,False
2509,5482_02,False
2511,5493_01,False
2512,5495_01,False
2513,5498_01,False
2514,5498_02,False
2515,5502_01,False
2516,5503_01,False
2520,5513_01,False
2521,5513_02,False
2522,5513_03,False
2524,5516_01,False
2525,5518_01,False
2528,5532_01,False
2529,5533_01,False
2530,5534_01,False
2531,5542_01,False
2532,5547_01,False
2533,5548_01,False
2534,5549_01,False
2535,5553_01,False
2536,5553_02,False
2538,5558_01,False
2539,5562_01,False
2540,5562_02,False
2541,5564_01,False
2542,5565_01,False
2543,5567_01,False
2544,5570_01,False
2545,5576_01,False
2548,5577_03,False
2550,5577_05,False
2552,5584_01,False
2553,5584_02,False
2554,5588_01,False
2555,5588_02,False
2556,5588_03,False
2558,5588_05,False
2559,5590_01,False
2561,5597_01,False
2562,5600_01,False
2563,5604_01,False
2564,5605_01,False
2565,5607_01,False
2566,5612_01,False
2567,5617_01,False
2568,5620_01,False
2569,5620_02,False
2570,5621_01,False
2572,5630_01,False
2573,5632_01,False
2574,5633_01,False
2575,5634_01,False
2576,5635_01,False
2577,5636_01,False
2578,5638_01,False
2579,5641_01,False
2581,5654_01,False
2582,5656_01,False
2583,5657_01,False
2584,5658_01,False
2585,5660_01,False
2586,5664_01,False
2587,5664_02,False
2590,5665_01,False
2592,5668_01,False
2593,5669_01,False
2594,5670_01,False
2595,5672_01,False
2596,5675_01,False
2597,5676_01,False
2598,5678_01,False
2599,5678_02,False
2601,5683_01,False
2603,5691_01,False
2604,5694_01,False
2606,5699_01,False
2607,5703_01,False
2610,5715_02,False
2611,5720_01,False
2613,5731_01,False
2614,5731_02,False
2615,5734_01,False
2616,5734_02,False
2617,5741_01,False
2618,5743_01,False
2619,5745_01,False
2620,5749_01,False
2621,5752_01,False
2622,5753_01,False
2623,5754_01,False
2624,5759_01,False
2625,5760_01,False
2626,5762_01,False
2627,5766_01,False
2628,5770_01,False
2629,5774_01,False
2630,5775_01,False
2633,5782_03,False
2634,5782_04,False
2635,5784_01,False
2636,5787_01,False
2637,5787_02,False
2638,5787_03,False
2639,5789_01,False
2640,5789_02,False
2641,5797_01,False
2644,5803_01,False
2645,5805_01,False
2646,5807_01,False
2647,5815_01,False
2648,5815_02,False
2649,5815_03,False
2651,5830_01,False
2653,5833_01,False
2654,5838_01,False
2655,5841_01,False
2656,5841_02,False
2658,5845_01,False
2659,5850_01,False
2661,5851_02,False
2662,5853_01,False
2663,5862_01,False
2664,5864_01,False
2665,5865_01,False
2666,5866_01,False
2667,5870_01,False
2668,5872_01,False
2669,5873_01,False
2670,5873_02,False
2671,5873_03,False
2672,5881_01,False
2673,5883_01,False
2674,5884_01,False
2675,5892_01,False
2676,5893_01,False
2677,5893_02,False
2678,5895_01,False
2679,5896_01,False
2680,5899_01,False
2681,5904_01,False
2682,5904_02,False
2683,5910_01,False
2685,5911_02,False
2686,5911_03,False
2687,5911_04,False
2689,5911_06,False
2690,5914_01,False
2692,5918_01,False
2693,5926_01,False
2694,5929_01,False
2695,5932_01,False
2696,5935_01,False
2697,5936_01,False
2698,5936_02,False
2699,5936_03,False
2700,5936_04,False
2701,5936_05,False
2702,5937_01,False
2703,5940_01,False
2704,5942_01,False
2705,5942_02,False
2706,5943_01,False
2707,5948_01,False
2708,5958_01,False
2709,5961_01,False
2710,5961_02,False
2711,5962_01,False
2712,5964_01,False
2714,5966_01,False
2715,5966_02,False
2716,5978_01,False
2717,5978_02,False
2718,5979_01,False
2719,5982_01,False
2720,5996_01,False
2721,5997_01,False
2722,5997_02,False
2723,6002_01,False
2724,6005_01,False
2725,6005_02,False
2726,6005_03,False
2727,6005_04,False
2728,6005_05,False
2730,6009_02,False
2731,6012_01,False
2732,6013_01,False
2733,6018_01,False
2734,6021_01,False
2735,6023_01,False
2736,6037_01,False
2737,6044_01,False
2738,6044_02,False
2739,6046_01,False
2740,6050_01,False
2741,6051_01,False
2743,6053_01,False
2744,6056_01,False
2745,6057_01,False
2747,6063_01,False
2748,6072_01,False
2749,6074_01,False
2750,6074_02,False
2751,6074_03,False
2753,6079_01,False
2755,6081_02,False
2756,6081_03,False
2757,6081_04,False
2758,6083_01,False
2761,6089_01,False
2763,6097_01,False
2765,6104_01,False
2766,6113_01,False
2767,6114_01,False
2768,6119_01,False
2770,6119_03,False
2771,6125_01,False
2772,6129_01,False
2773,6131_01,False
2775,6140_01,False
2776,6142_01,False
2778,6144_01,False
2780,6151_01,False
2781,6151_02,False
2782,6154_01,False
2783,6159_01,False
2785,6160_02,False
2786,6161_01,False
2788,6165_01,False
2789,6177_01,False
2790,6183_01,False
2792,6187_01,False
2793,6188_01,False
2794,6190_01,False
2796,6193_02,False
2797,6193_03,False
2798,6193_04,False
2799,6195_01,False
2801,6197_01,False
2802,6198_01,False
2804,6203_01,False
2805,6204_01,False
2807,6209_02,False
2809,6212_01,False
2810,6214_01,False
2811,6217_01,False
2812,6217_02,False
2813,6221_01,False
2814,6226_01,False
2815,6231_01,False
2816,6231_02,False
2817,6231_03,False
2818,6233_01,False
2819,6233_02,False
2820,6233_03,False
2821,6235_01,False
2823,6242_01,False
2824,6244_01,False
2825,6244_02,False
2826,6247_01,False
2827,6255_01,False
2828,6257_01,False
2829,6257_02,False
2830,6257_03,False
2831,6258_01,False
2832,6259_01,False
2833,6260_01,False
2834,6260_02,False
2835,6261_01,False
2836,6261_02,False
2837,6267_01,False
2838,6267_02,False
2840,6267_04,False
2841,6267_05,False
2842,6267_06,False
2843,6269_01,False
2844,6269_02,False
2845,6269_03,False
2846,6272_01,False
2847,6272_02,False
2848,6275_01,False
2849,6278_01,False
2850,6278_02,False
2851,6284_01,False
2852,6286_01,False
2853,6286_02,False
2856,6288_01,False
2857,6288_02,False
2858,6288_03,False
2860,6291_01,False
2861,6294_01,False
2862,6295_01,False
2863,6295_02,False
2864,6298_01,False
2865,6303_01,False
2868,6310_01,False
2869,6311_01,False
2870,6312_01,False
2871,6312_02,False
2872,6314_01,False
2874,6332_01,False
2875,6332_02,False
2876,6332_03,False
2877,6332_04,False
2879,6332_06,False
2881,6332_08,False
2882,6333_01,False
2883,6336_01,False
2884,6337_01,False
2885,6342_01,False
2886,6342_02,False
2887,6345_01,False
2888,6345_02,False
2890,6352_01,False
2891,6352_02,False
2892,6358_01,False
2893,6358_02,False
2894,6359_01,False
2895,6362_01,False
2896,6364_01,False
2897,6375_01,False
2898,6377_01,False
2899,6379_01,False
2903,6383_03,False
2905,6386_01,False
2906,6387_01,False
2907,6389_01,False
2909,6391_02,False
2910,6392_01,False
2911,6393_01,False
2912,6395_01,False
2913,6401_01,False
2914,6401_02,False
2915,6403_01,False
2916,6410_01,False
2917,6410_02,False
2920,6423_01,False
2921,6425_01,False
2924,6427_01,False
2925,6429_01,False
2926,6435_01,False
2927,6438_01,False
2928,6440_01,False
2929,6441_01,False
2930,6445_01,False
2931,6460_01,False
2933,6466_01,False
2935,6469_01,False
2936,6474_01,False
2937,6476_01,False
2938,6479_01,False
2940,6483_01,False
2941,6484_01,False
2943,6491_01,False
2944,6491_02,False
2945,6491_03,False
2946,6495_01,False
2948,6496_02,False
2949,6497_01,False
2950,6498_01,False
2951,6499_01,False
2953,6499_03,False
2954,6499_04,False
2955,6499_05,False
2956,6499_06,False
2957,6499_07,False
2958,6499_08,False
2960,6504_02,False
2962,6506_01,False
2963,6506_02,False
2964,6507_01,False
2965,6515_01,False
2967,6516_02,False
2968,6518_01,False
2969,6519_01,False
2970,6521_01,False
2971,6524_01,False
2972,6527_01,False
2973,6528_01,False
2974,6532_01,False
2976,6533_02,False
2977,6534_01,False
2978,6536_01,False
2979,6537_01,False
2980,6538_01,False
2981,6542_01,False
2982,6543_01,False
2984,6551_01,False
2985,6554_01,False
2986,6555_01,False
2987,6559_01,False
2988,6559_02,False
2990,6564_01,False
2991,6564_02,False
2993,6571_01,False
2994,6575_01,False
2995,6576_01,False
2997,6577_02,False
2998,6577_03,False
2999,6579_01,False
3001,6584_01,False
3002,6586_01,False
3003,6587_01,False
3004,6589_01,False
3005,6596_01,False
3007,6597_01,False
3008,6600_01,False
3010,6605_01,False
3011,6605_02,False
3013,6610_01,False
3015,6612_02,False
3016,6612_03,False
3017,6612_04,False
3018,6612_05,False
3019,6612_06,False
3020,6615_01,False
3021,6617_01,False
3022,6617_02,False
3023,6617_03,False
3024,6619_01,False
3025,6627_01,False
3026,6629_01,False
3027,6632_01,False
3028,6636_01,False
3029,6640_01,False
3030,6644_01,False
3031,6648_01,False
3032,6651_01,False
3033,6653_01,False
3038,6661_01,False
3039,6666_01,False
3041,6678_01,False
3044,6682_01,False
3045,6682_02,False
3046,6685_01,False
3048,6687_01,False
3049,6688_01,False
3050,6689_01,False
3051,6689_02,False
3052,6690_01,False
3053,6695_01,False
3054,6696_01,False
3055,6700_01,False
3056,6700_02,False
3057,6701_01,False
3058,6703_01,False
3059,6704_01,False
3060,6705_01,False
3062,6712_01,False
3063,6714_01,False
3064,6715_01,False
3065,6716_01,False
3066,6717_01,False
3067,6723_01,False
3068,6728_01,False
3069,6732_01,False
3070,6733_01,False
3071,6735_01,False
3073,6738_01,False
3074,6738_02,False
3075,6740_01,False
3076,6743_01,False
3077,6752_01,False
3078,6752_02,False
3079,6752_03,False
3080,6755_01,False
3081,6759_01,False
3082,6767_01,False
3084,6768_01,False
3085,6769_01,False
3086,6770_01,False
3087,6770_02,False
3088,6770_03,False
3089,6771_01,False
3090,6772_01,False
3091,6772_02,False
3092,6777_01,False
3094,6783_01,False
3095,6785_01,False
3096,6790_01,False
3097,6791_01,False
3098,6793_01,False
3099,6793_02,False
3101,6797_01,False
3102,6803_01,False
3103,6804_01,False
3104,6807_01,False
3106,6809_01,False
3108,6812_01,False
3110,6815_01,False
3111,6819_01,False
3112,6819_02,False
3115,6828_01,False
3116,6830_01,False
3117,6835_01,False
3119,6836_01,False
3120,6838_01,False
3121,6838_02,False
3122,6838_03,False
3123,6842_01,False
3124,6845_01,False
3127,6849_01,False
3129,6852_02,False
3130,6855_01,False
3131,6856_01,False
3132,6860_01,False
3134,6870_01,False
3135,6872_01,False
3136,6874_01,False
3137,6875_01,False
3138,6875_02,False
3139,6875_03,False
3140,6876_01,False
3141,6876_02,False
3142,6876_03,False
3143,6877_01,False
3144,6878_01,False
3145,6881_01,False
3146,6884_01,False
3147,6886_01,False
3151,6888_04,False
3152,6890_01,False
3153,6897_01,False
3154,6904_01,False
3155,6904_02,False
3156,6904_03,False
3157,6909_01,False
3158,6914_01,False
3159,6916_01,False
3160,6919_01,False
3161,6922_01,False
3162,6923_01,False
3164,6933_01,False
3167,6936_01,False
3169,6936_03,False
3171,6941_01,False
3172,6942_01,False
3173,6948_01,False
3174,6952_01,False
3175,6953_01,False
3176,6955_01,False
3178,6958_01,False
3179,6959_01,False
3180,6959_02,False
3181,6959_03,False
3182,6961_01,False
3185,6969_01,False
3186,6974_01,False
3188,6983_01,False
3190,6986_01,False
3191,6986_02,False
3192,6986_03,False
3193,6986_04,False
3194,6986_05,False
3195,6986_06,False
3196,6986_07,False
3197,6986_08,False
3198,6989_01,False
3200,7000_01,False
3201,7003_01,False
3202,7009_01,False
3203,7009_02,False
3204,7012_01,False
3205,7023_01,False
3207,7030_01,False
3209,7035_01,False
3210,7043_01,False
3212,7046_02,False
3213,7046_03,False
3214,7054_01,False
3215,7054_02,False
3217,7063_01,False
3218,7063_02,False
3219,7064_01,False
3221,7066_01,False
3222,7066_02,False
3224,7067_02,False
3226,7070_01,False
3227,7075_01,False
3228,7076_01,False
3229,7081_01,False
3230,7081_02,False
3231,7100_01,False
3232,7100_02,False
3233,7101_01,False
3234,7101_02,False
3235,7102_01,False
3236,7103_01,False
3237,7103_02,False
3239,7108_01,False
3240,7112_01,False
3241,7115_01,False
3242,7122_01,False
3244,7124_01,False
3245,7124_02,False
3247,7125_01,False
3248,7129_01,False
3250,7130_02,False
3252,7130_04,False
3254,7130_06,False
3255,7130_07,False
3256,7131_01,False
3257,7135_01,False
3258,7135_02,False
3259,7135_03,False
3260,7135_04,False
3261,7136_01,False
3262,7138_01,False
3263,7139_01,False
3264,7141_01,False
3265,7145_01,False
3268,7150_01,False
3269,7150_02,False
3271,7154_01,False
3272,7158_01,False
3273,7163_01,False
3274,7163_02,False
3275,7163_03,False
3277,7169_01,False
3278,7172_01,False
3279,7172_02,False
3280,7174_01,False
3281,7178_01,False
3283,7185_01,False
3284,7195_01,False
3285,7196_01,False
3288,7204_01,False
3289,7209_01,False
3290,7209_02,False
3291,7211_01,False
3292,7212_01,False
3293,7213_01,False
3294,7220_01,False
3295,7222_01,False
3296,7223_01,False
3297,7228_01,False
3298,7231_01,False
3300,7239_01,False
3301,7241_01,False
3302,7241_02,False
3303,7243_01,False
3304,7243_02,False
3305,7243_03,False
3306,7243_04,False
3307,7243_05,False
3308,7244_01,False
3309,7245_01,False
3310,7248_01,False
3311,7248_02,False
3312,7251_01,False
3313,7254_01,False
3314,7262_01,False
3316,7264_01,False
3317,7265_01,False
3318,7266_01,False
3319,7266_02,False
3320,7266_03,False
3321,7269_01,False
3322,7269_02,False
3324,7275_01,False
3325,7281_01,False
3326,7282_01,False
3327,7286_01,False
3328,7287_01,False
3330,7291_01,False
3331,7293_01,False
3332,7294_01,False
3333,7295_01,False
3334,7295_02,False
3335,7299_01,False
3336,7308_01,False
3337,7312_01,False
3338,7315_01,False
3339,7316_01,False
3340,7317_01,False
3341,7318_01,False
3343,7319_02,False
3344,7319_03,False
3345,7325_01,False
3346,7329_01,False
3347,7329_02,False
3348,7329_03,False
3349,7333_01,False
3351,7345_01,False
3352,7348_01,False
3353,7348_02,False
3354,7348_03,False
3355,7349_01,False
3356,7352_01,False
3358,7354_02,False
3360,7354_04,False
3361,7354_05,False
3362,7354_06,False
3363,7355_01,False
3364,7357_01,False
3365,7362_01,False
3366,7363_01,False
3368,7368_01,False
3369,7369_01,False
3370,7373_01,False
3371,7373_02,False
3372,7375_01,False
3373,7378_01,False
3374,7380_01,False
3375,7380_02,False
3376,7380_03,False
3377,7380_04,False
3378,7381_01,False
3379,7382_01,False
3380,7383_01,False
3381,7383_02,False
3382,7384_01,False
3383,7386_01,False
3384,7389_01,False
3385,7397_01,False
3386,7400_01,False
3387,7404_01,False
3388,7407_01,False
3390,7409_02,False
3391,7412_01,False
3392,7413_01,False
3393,7413_02,False
3394,7414_01,False
3395,7415_01,False
3396,7417_01,False
3399,7421_01,False
3400,7421_02,False
3401,7423_01,False
3402,7423_02,False
3403,7424_01,False
3404,7426_01,False
3406,7426_03,False
3408,7434_01,False
3409,7439_01,False
3410,7439_02,False
3411,7440_01,False
3412,7441_01,False
3413,7443_01,False
3414,7451_01,False
3415,7454_01,False
3416,7463_01,False
3417,7465_01,False
3418,7466_01,False
3419,7467_01,False
3422,7470_01,False
3423,7471_01,False
3424,7471_02,False
3425,7473_01,False
3426,7473_02,False
3427,7474_01,False
3428,7476_01,False
3430,7482_01,False
3435,7491_01,False
3436,7493_01,False
3437,7497_01,False
3439,7516_01,False
3440,7519_01,False
3441,7526_01,False
3442,7528_01,False
3444,7528_03,False
3445,7528_04,False
3446,7530_01,False
3447,7530_02,False
3449,7530_04,False
3450,7532_01,False
3451,7537_01,False
3452,7539_01,False
3453,7539_02,False
3454,7540_01,False
3455,7541_01,False
3457,7541_03,False
3459,7547_01,False
3460,7548_01,False
3461,7551_01,False
3464,7556_01,False
3466,7556_03,False
3467,7556_04,False
3469,7557_02,False
3470,7557_03,False
3471,7558_01,False
3472,7558_02,False
3474,7564_01,False
3475,7566_01,False
3476,7570_01,False
3477,7570_02,False
3478,7571_01,False
3479,7575_01,False
3480,7581_01,False
3481,7582_01,False
3482,7582_02,False
3483,7582_03,False
3484,7582_04,False
3485,7582_05,False
3486,7587_01,False
3487,7589_01,False
3489,7591_01,False
3491,7593_01,False
3492,7597_01,False
3493,7597_02,False
3494,7597_03,False
3495,7597_04,False
3497,7597_06,False
3498,7597_07,False
3499,7600_01,False
3501,7602_01,False
3502,7603_01,False
3503,7607_01,False
3504,7610_01,False
3505,7610_02,False
3506,7611_01,False
3507,7611_02,False
3508,7612_01,False
3509,7612_02,False
3510,7613_01,False
3513,7619_01,False
3515,7629_02,False
3516,7629_03,False
3517,7636_01,False
3518,7637_01,False
3520,7637_03,False
3521,7638_01,False
3523,7645_01,False
3524,7648_01,False
3525,7651_01,False
3526,7653_01,False
3527,7654_01,False
3528,7655_01,False
3529,7657_01,False
3531,7659_01,False
3533,7663_01,False
3534,7664_01,False
3536,7672_01,False
3538,7674_01,False
3540,7681_01,False
3541,7685_01,False
3542,7686_01,False
3543,7695_01,False
3544,7701_01,False
3545,7704_01,False
3546,7706_01,False
3547,7718_01,False
3548,7722_01,False
3549,7725_01,False
3550,7726_01,False
3552,7732_01,False
3553,7733_01,False
3554,7734_01,False
3556,7737_01,False
3558,7740_02,False
3559,7745_01,False
3560,7750_01,False
3561,7756_01,False
3562,7758_01,False
3563,7759_01,False
3564,7762_01,False
3565,7765_01,False
3566,7765_02,False
3567,7765_03,False
3568,7766_01,False
3569,7772_01,False
3570,7779_01,False
3573,7792_02,False
3574,7792_03,False
3575,7792_04,False
3576,7792_05,False
3577,7794_01,False
3579,7795_02,False
3580,7796_01,False
3582,7798_02,False
3583,7799_01,False
3584,7804_01,False
3586,7811_01,False
3587,7814_01,False
3588,7817_01,False
3589,7819_01,False
3591,7823_01,False
3592,7825_01,False
3593,7825_02,False
3595,7826_01,False
3596,7827_01,False
3597,7836_01,False
3598,7838_01,False
3599,7844_01,False
3600,7846_01,False
3601,7846_02,False
3603,7855_01,False
3604,7857_01,False
3606,7862_01,False
3607,7867_01,False
3608,7869_01,False
3609,7874_01,False
3610,7874_02,False
3611,7876_01,False
3613,7880_02,False
3614,7887_01,False
3615,7893_01,False
3616,7893_02,False
3618,7893_04,False
3620,7896_01,False
3621,7898_01,False
3622,7900_01,False
3623,7906_01,False
3624,7909_01,False
3626,7911_01,False
3628,7915_01,False
3629,7915_02,False
3630,7915_03,False
3632,7921_01,False
3633,7921_02,False
3634,7923_01,False
3635,7925_01,False
3636,7927_01,False
3637,7927_02,False
3640,7931_01,False
3641,7932_01,False
3642,7933_01,False
3643,7934_01,False
3644,7934_02,False
3645,7934_03,False
3646,7938_01,False
3647,7942_01,False
3648,7942_02,False
3649,7948_01,False
3650,7951_01,False
3651,7953_01,False
3653,7959_01,False
3655,7963_01,False
3656,7963_02,False
3658,7964_01,False
3659,7965_01,False
3660,7966_01,False
3661,7969_01,False
3662,7971_01,False
3663,7971_02,False
3665,7977_01,False
3666,7978_01,False
3667,7978_02,False
3668,7979_01,False
3669,7980_01,False
3670,7991_01,False
3671,7991_02,False
3672,7991_03,False
3675,7997_01,False
3676,7998_01,False
3677,7998_02,False
3678,7998_03,False
3679,7998_04,False
3680,8001_01,False
3681,8002_01,False
3682,8008_01,False
3683,8009_01,False
3684,8011_01,False
3685,8013_01,False
3686,8017_01,False
3687,8022_01,False
3688,8028_01,False
3689,8033_01,False
3691,8039_02,False
3693,8041_01,False
3694,8041_02,False
3695,8044_01,False
3696,8045_01,False
3697,8047_01,False
3698,8048_01,False
3699,8051_01,False
3700,8051_02,False
3702,8061_02,False
3703,8062_01,False
3704,8065_01,False
3705,8070_01,False
3706,8073_01,False
3708,8080_01,False
3709,8090_01,False
3711,8095_01,False
3713,8099_01,False
3714,8100_01,False
3715,8101_01,False
3716,8104_01,False
3717,8109_01,False
3718,8110_01,False
3719,8111_01,False
3720,8113_01,False
3721,8113_02,False
3722,8113_03,False
3723,8113_04,False
3724,8114_01,False
3725,8125_01,False
3726,8125_02,False
3727,8126_01,False
3728,8127_01,False
3729,8132_01,False
3730,8134_01,False
3731,8142_01,False
3732,8145_01,False
3733,8146_01,False
3736,8155_01,False
3737,8160_01,False
3738,8163_01,False
3740,8169_01,False
3742,8172_01,False
3743,8174_01,False
3744,8179_01,False
3745,8180_01,False
3746,8181_01,False
3748,8181_03,False
3749,8183_01,False
3752,8187_01,False
3753,8188_01,False
3754,8193_01,False
3756,8196_01,False
3757,8196_02,False
3759,8201_01,False
3760,8206_01,False
3761,8215_01,False
3762,8223_01,False
3764,8230_01,False
3765,8234_01,False
3767,8240_01,False
3768,8241_01,False
3769,8245_01,False
3770,8245_02,False
3771,8246_01,False
3773,8250_01,False
3774,8253_01,False
3775,8256_01,False
3776,8258_01,False
3778,8263_01,False
3779,8269_01,False
3780,8274_01,False
3782,8283_01,False
3783,8284_01,False
3784,8284_02,False
3786,8286_01,False
3787,8290_01,False
3789,8296_01,False
3790,8299_01,False
3791,8304_01,False
3792,8304_02,False
3793,8304_03,False
3794,8305_01,False
3795,8305_02,False
3796,8305_03,False
3797,8308_01,False
3799,8311_01,False
3801,8325_01,False
3802,8325_02,False
3803,8327_01,False
3804,8331_01,False
3805,8337_01,False
3807,8340_02,False
3808,8340_03,False
3809,8347_01,False
3811,8350_01,False
3812,8351_01,False
3813,8352_01,False
3814,8353_01,False
3815,8355_01,False
3817,8357_02,False
3818,8358_01,False
3819,8359_01,False
3820,8361_01,False
3822,8361_03,False
3823,8361_04,False
3824,8361_05,False
3825,8364_01,False
3827,8370_01,False
3828,8370_02,False
3829,8372_01,False
3830,8385_01,False
3831,8385_02,False
3832,8385_03,False
3834,8389_01,False
3835,8391_01,False
3836,8396_01,False
3837,8399_01,False
3838,8400_01,False
3839,8400_02,False
3840,8400_03,False
3841,8402_01,False
3842,8402_02,False
3843,8402_03,False
3845,8408_02,False
3846,8412_01,False
3847,8413_01,False
3848,8415_01,False
3850,8422_01,False
3851,8424_01,False
3852,8425_01,False
3853,8425_02,False
3854,8426_01,False
3855,8426_02,False
3856,8428_01,False
3857,8434_01,False
3859,8436_01,False
3860,8439_01,False
3861,8440_01,False
3862,8440_02,False
3863,8440_03,False
3864,8443_01,False
3865,8443_02,False
3867,8445_02,False
3868,8445_03,False
3869,8446_01,False
3870,8450_01,False
3871,8450_02,False
3872,8450_03,False
3873,8453_01,False
3874,8455_01,False
3875,8461_01,False
3876,8464_01,False
3877,8464_02,False
3878,8473_01,False
3879,8473_02,False
3880,8478_01,False
3881,8478_02,False
3882,8484_01,False
3883,8485_01,False
3884,8488_01,False
3886,8496_01,False
3887,8497_01,False
3888,8498_01,False
3889,8499_01,False
3890,8501_01,False
3891,8505_01,False
3893,8510_01,False
3894,8510_02,False
3895,8513_01,False
3896,8515_01,False
3898,8517_02,False
3900,8519_01,False
3901,8520_01,False
3903,8525_01,False
3904,8525_02,False
3905,8526_01,False
3906,8526_02,False
3907,8527_01,False
3908,8529_01,False
3909,8531_01,False
3910,8532_01,False
3911,8533_01,False
3913,8534_02,False
3915,8534_04,False
3917,8543_01,False
3919,8543_03,False
3920,8543_04,False
3921,8543_05,False
3922,8543_06,False
3924,8543_08,False
3925,8546_01,False
3926,8547_01,False
3927,8550_01,False
3928,8553_01,False
3929,8555_01,False
3930,8555_02,False
3931,8555_03,False
3932,8558_01,False
3933,8562_01,False
3934,8563_01,False
3935,8564_01,False
3937,8565_02,False
3938,8565_03,False
3939,8567_01,False
3940,8567_02,False
3941,8567_03,False
3943,8568_02,False
3944,8575_01,False
3946,8578_01,False
3947,8579_01,False
3948,8582_01,False
3949,8583_01,False
3950,8583_02,False
3951,8590_01,False
3953,8593_01,False
3954,8600_01,False
3956,8608_01,False
3958,8622_01,False
3959,8625_01,False
3960,8627_01,False
3962,8632_01,False
3963,8632_02,False
3964,8647_01,False
3965,8648_01,False
3966,8648_02,False
3967,8648_03,False
3968,8649_01,False
3971,8655_01,False
3972,8660_01,False
3973,8662_01,False
3974,8665_01,False
3976,8676_01,False
3978,8677_02,False
3979,8677_03,False
3982,8679_01,False
3983,8682_01,False
3984,8686_01,False
3985,8689_01,False
3986,8690_01,False
3987,8690_02,False
3988,8692_01,False
3989,8692_02,False
3990,8692_03,False
3991,8697_01,False
3992,8698_01,False
3993,8699_01,False
3994,8702_01,False
3996,8706_01,False
3997,8707_01,False
3998,8711_01,False
4000,8713_02,False
4001,8715_01,False
4003,8724_01,False
4004,8725_01,False
4005,8726_01,False
4006,8730_01,False
4007,8731_01,False
4009,8738_01,False
4010,8739_01,False
4011,8740_01,False
4012,8742_01,False
4013,8745_01,False
4014,8746_01,False
4017,8748_01,False
4019,8756_01,False
4020,8758_01,False
4021,8758_02,False
4022,8761_01,False
4023,8763_01,False
4024,8763_02,False
4025,8763_03,False
4026,8765_01,False
4027,8767_01,False
4028,8767_02,False
4029,8768_01,False
4030,8768_02,False
4033,8777_01,False
4034,8778_01,False
4035,8778_02,False
4036,8784_01,False
4037,8788_01,False
4038,8792_01,False
4041,8793_03,False
4044,8795_01,False
4045,8800_01,False
4047,8800_03,False
4048,8800_04,False
4049,8800_05,False
4050,8803_01,False
4053,8804_03,False
4054,8804_04,False
4055,8804_05,False
4056,8810_01,False
4057,8814_01,False
4058,8829_01,False
4059,8832_01,False
4060,8837_01,False
4061,8839_01,False
4062,8839_02,False
4064,8846_02,False
4065,8847_01,False
4066,8851_01,False
4067,8855_01,False
4068,8857_01,False
4070,8866_01,False
4072,8870_02,False
4073,8873_01,False
4075,8873_03,False
4076,8875_01,False
4078,8875_03,False
4080,8877_02,False
4081,8879_01,False
4082,8882_01,False
4084,8888_01,False
4085,8893_01,False
4086,8893_02,False
4088,8895_02,False
4089,8898_01,False
4090,8908_01,False
4091,8909_01,False
4092,8911_01,False
4093,8912_01,False
4094,8913_01,False
4095,8913_02,False
4096,8913_03,False
4097,8914_01,False
4098,8915_01,False
4099,8916_01,False
4100,8917_01,False
4101,8921_01,False
4102,8924_01,False
4103,8925_01,False
4104,8925_02,False
4105,8925_03,False
4106,8925_04,False
4107,8925_05,False
4109,8927_01,False
4110,8929_01,False
4111,8931_01,False
4112,8933_01,False
4113,8934_01,False
4114,8935_01,False
4115,8936_01,False
4116,8943_01,False
4117,8946_01,False
4118,8949_01,False
4121,8952_01,False
4122,8953_01,False
4123,8957_01,False
4124,8958_01,False
4125,8960_01,False
4126,8960_02,False
4128,8962_01,False
4129,8963_01,False
4130,8965_01,False
4132,8974_01,False
4133,8979_01,False
4134,8980_01,False
4135,8980_02,False
4136,8980_03,False
4137,8980_04,False
4139,8980_06,False
4140,8980_07,False
4141,8984_01,False
4142,8990_01,False
4143,8991_01,False
4144,8994_01,False
4145,8994_02,False
4147,9000_01,False
4148,9002_01,False
4149,9005_01,False
4151,9016_02,False
4152,9016_03,False
4153,9016_04,False
4155,9017_01,False
4156,9022_01,False
4157,9022_02,False
4160,9025_02,False
4161,9027_01,False
4162,9033_01,False
4164,9040_01,False
4165,9044_01,False
4166,9045_01,False
4168,9047_01,False
4169,9050_01,False
4170,9051_01,False
4172,9053_02,False
4173,9054_01,False
4174,9055_01,False
4175,9056_01,False
4177,9062_01,False
4178,9062_02,False
4179,9063_01,False
4181,9067_01,False
4182,9067_02,False
4183,9070_01,False
4184,9070_02,False
4185,9082_01,False
4186,9083_01,False
4187,9083_02,False
4189,9086_02,False
4190,9087_01,False
4191,9088_01,False
4193,9091_01,False
4194,9092_01,False
4195,9093_01,False
4197,9096_01,False
4199,9100_01,False
4200,9102_01,False
4201,9105_01,False
4202,9109_01,False
4203,9113_01,False
4204,9117_01,False
4205,9121_01,False
4206,9123_01,False
4207,9133_01,False
4208,9135_01,False
4210,9143_01,False
4211,9143_02,False
4212,9143_03,False
4214,9146_02,False
4215,9146_03,False
4217,9153_01,False
4218,9154_01,False
4220,9155_02,False
4221,9155_03,False
4222,9155_04,False
4223,9162_01,False
4224,9162_02,False
4225,9162_03,False
4226,9166_01,False
4227,9171_01,False
4228,9177_01,False
4232,9187_02,False
4233,9191_01,False
4234,9198_01,False
4235,9200_01,False
4236,9204_01,False
4237,9206_01,False
4238,9206_02,False
4240,9207_01,False
4242,9210_01,False
4243,9212_01,False
4244,9212_02,False
4245,9214_01,False
4246,9215_01,False
4247,9216_01,False
4249,9223_02,False
4252,9232_01,False
4253,9236_01,False
4254,9238_01,False
4256,9238_03,False
4257,9238_04,False
4258,9238_05,False
4259,9238_06,False
4260,9238_07,False
4261,9240_01,False
4262,9243_01,False
4263,9245_01,False
4264,9249_01,False
4265,9255_01,False
4266,9258_01,False
4268,9262_01,False
4269,9263_01,False
4270,9265_01,False
4271,9266_01,False
4272,9266_02,False
4273,9269_01,False
4276,9277_01,False
